trial,video,tracker,conf,iou,frames,full_sequence,tracker_seconds,rows,unique_ids,HOTA,MOTA,IDF1,IDSW,FN,FP,result_sha256
botsort_c015_i040,video_1,botsort,0.15,0.4,600,True,47.462,4763,57,29.123,20.494,30.043,23,14429,321,ae311a4ddcd846d0bbba1813483ffda2dfc06d643eba911ef7cdd67bb3690844
botsort_c015_i050,video_1,botsort,0.15,0.5,600,True,47.836,5179,59,29.343,20.731,29.561,27,14197,505,b4eb6f1168f15e1e1f4d942b1b38caeafc0efb608d25357d397a3eea3f5599f7
botsort_c015_i050,video_2,botsort,0.15,0.5,150,False,16.317,1720,21,,,,,,,0f1a2cb77e747c81ef4758b15fa15057c26d2b0e1734fee8918dee3de73f4e64
botsort_c015_i050,video_3,botsort,0.15,0.5,150,False,13.254,848,21,,,,,,,4a08867776dd3bfee96e618df7406f90803e7d7534950e5e8d0e3e6c2d668344
botsort_c015_i050,video_4,botsort,0.15,0.5,150,False,19.942,1037,16,,,,,,,311ea01dcf3a59f76e28d38049f280b8a62606e9aa498f84520f7b30c03d58ad
botsort_c015_i050,video_5,botsort,0.15,0.5,150,False,19.798,994,27,,,,,,,1221dea0b1818e6befe3c680ebc4880a54be939254be15d1cad9885b196e346a
botsort_c015_i070,video_1,botsort,0.15,0.7,600,True,45.308,5509,62,29.664,20.327,29.878,39,14065,700,2672f079083b1d2018d3a6f73b0df4d058ef75d6a0f6f517e0babfddba776271
botsort_c030_i040,video_1,botsort,0.3,0.4,600,True,47.474,4228,57,29.316,19.466,29.823,19,14750,195,f7b14230f2896b2da564e78f4022095df3baa5064a3f8b2ede005c8926ab1906
botsort_c030_i040,video_2,botsort,0.3,0.4,150,False,16.383,1543,23,,,,,,,09eaf504a2994cbe2cb2e7845879166613d5da20bd01a75fd8e4e3311031375a
botsort_c030_i040,video_3,botsort,0.3,0.4,150,False,11.977,764,22,,,,,,,22dadfd1810dd12dd65139eb088c8f9f8c2221cee662fdb9b1de5061653f5c6f
botsort_c030_i040,video_4,botsort,0.3,0.4,150,False,19.439,958,18,,,,,,,cff385c3efa042fe7f11c2b9f73fb4016a29ec40ad4031dac685873dde594ed4
botsort_c030_i040,video_5,botsort,0.3,0.4,150,False,22.023,907,27,,,,,,,e8a4b5a2ef13c76820e8fba42efb7f7ba936c7c623f65bda47c6ab5b60640dc5
botsort_c030_i050,video_1,botsort,0.3,0.5,600,True,52.917,4582,59,29.46,19.811,29.354,25,14538,337,0f1c45062df5e22084623e6e1a2b071f79e93efa17e6a54fee1ec55058027314
botsort_c030_i050,video_2,botsort,0.3,0.5,150,False,21.449,1543,23,,,,,,,09eaf504a2994cbe2cb2e7845879166613d5da20bd01a75fd8e4e3311031375a
botsort_c030_i050,video_3,botsort,0.3,0.5,150,False,16.271,765,23,,,,,,,f90de6ac45ee7628f411b92d0afc8be312b5d74d7f2e05d439eb16f24cd8e6c8
botsort_c030_i050,video_4,botsort,0.3,0.5,150,False,14.758,958,18,,,,,,,cff385c3efa042fe7f11c2b9f73fb4016a29ec40ad4031dac685873dde594ed4
botsort_c030_i050,video_5,botsort,0.3,0.5,150,False,19.026,907,27,,,,,,,e8a4b5a2ef13c76820e8fba42efb7f7ba936c7c623f65bda47c6ab5b60640dc5
botsort_c030_i070,video_1,botsort,0.3,0.7,600,True,45.927,4991,62,29.969,19.025,29.703,33,14402,611,1756ac5ca07176a67682b1cb1f624d842e39272ff911fe3b2a9819b5265faf45
botsort_c030_i070,video_2,botsort,0.3,0.7,150,False,16.277,1564,24,,,,,,,b9c8b6439d8434df7b7f273d320fe6ff74de010f49a63ccca44ea99535a1eb1f
botsort_c030_i070,video_3,botsort,0.3,0.7,150,False,16.392,881,24,,,,,,,1bdfcc20d4852beb9bc267b640395b9dfc5f253793305004e772b6541742fd87
botsort_c030_i070,video_4,botsort,0.3,0.7,150,False,18.61,958,18,,,,,,,bc32534814ce7f923094ed34f7917fa4bc5465110241e10ba25f0d0714bc04d6
botsort_c030_i070,video_5,botsort,0.3,0.7,150,False,25.474,916,28,,,,,,,c457a9a6163b6e14c37f2e388660d67334f4f68176867d30fffc5b77951aa7af
botsort_c050_i040,video_1,botsort,0.5,0.4,600,True,43.29,3349,37,27.169,15.252,24.558,10,15508,229,60530d486c24d8e82c9124c3d21f1a6bde6f3f47247bd9d1eb99b0abe81d8ffc
botsort_c050_i050,video_1,botsort,0.5,0.5,600,True,55.701,3349,37,27.167,15.252,24.558,10,15508,229,ca651cf1fbe7b2bdb77e105441340dcfbe87a4e2dfdbbf050e88da3fe4eb00c2
botsort_c050_i050,video_2,botsort,0.5,0.5,150,False,16.116,1125,14,,,,,,,73e6933f8176d33abc041852f4fdc98affef797656fea17c7d501735b273974d
botsort_c050_i050,video_3,botsort,0.5,0.5,150,False,11.809,569,17,,,,,,,dbf4ef825af4d767f586048510c5f312971104503dac1b499f612923451441c6
botsort_c050_i050,video_4,botsort,0.5,0.5,150,False,18.606,782,12,,,,,,,406edc40f828fc0b304b9bc190403055510f3bb10ce52414a44ab9b598091a32
botsort_c050_i050,video_5,botsort,0.5,0.5,150,False,13.836,527,17,,,,,,,8412a059545873190abdcf670281e6caa1e34d17bf99a37d255d0d519f8a4c49
botsort_c050_i070,video_1,botsort,0.5,0.7,600,True,51.824,3431,38,27.2,15.247,24.466,13,15466,269,ff2bcc838c70b9caa3825a5ec481f19f29d9c33a6f2c2e2a7ec227fc30bb232b
bytetrack_c015_i050,video_1,bytetrack,0.15,0.5,600,True,8.666,3751,37,27.314,18.314,26.987,13,15047,118,befd5e4c89cef253b8e565ebe78bebcec2f1c5933406138963105b271e924182
bytetrack_c030_i050,video_1,bytetrack,0.3,0.5,600,True,7.625,3531,36,26.912,17.292,25.713,12,15249,107,6cdea1bbda80605c07c401f8d3b01a40704446af17002d86b411adf32ac90f4b
bytetrack_c030_i050,video_2,bytetrack,0.3,0.5,150,False,2.66,1313,16,,,,,,,4a98bc278258bcbfb04060596926586726968bb361cce1679ffa3e86c90428cd
bytetrack_c030_i050,video_3,bytetrack,0.3,0.5,150,False,0.731,593,18,,,,,,,53b4c62232e326923a42799848622069ad90f061916b0bdd7706b1b9f5f25fa3
bytetrack_c030_i050,video_4,bytetrack,0.3,0.5,150,False,1.569,809,15,,,,,,,33ecd4b36a002685a991b0919cc91f5c71f905c036c8a0778324cb527aba3a0b
bytetrack_c030_i050,video_5,bytetrack,0.3,0.5,150,False,1.843,673,20,,,,,,,01ead9b4f309dcafde98fa9cd4c24ad7022f217349b830b86859a327762c0570
deepocsort_c015_i050,video_1,deepocsort,0.15,0.5,600,True,56.05,7374,158,25.252,19.369,28.147,195,13316,1471,133ebc3604e3eff21d209d41fc075f9d6c032365ffdb4292c29a07022cd0039a
deepocsort_c030_i050,video_1,deepocsort,0.3,0.5,600,True,55.826,4447,77,27.38,19.762,27.798,51,14610,248,e847d0882941a422c61801c0351b1ec2011765629177bf875330de97343e5f85
deepocsort_c030_i050,video_2,deepocsort,0.3,0.5,150,False,21.034,1591,25,,,,,,,ba3377d34e8709b02939b1f4aced6ad1d5746e86497c39b986aedcfe483cdfa2
deepocsort_c030_i050,video_3,deepocsort,0.3,0.5,150,False,16.936,791,25,,,,,,,96886e7589f11b9a16b0e2a91af0c81d3b2073f1eaa950bf65503afaf8af3d49
deepocsort_c030_i050,video_4,deepocsort,0.3,0.5,150,False,15.489,989,18,,,,,,,3bed922ad4617a9ac30eaa619b79e6bef387faf9505130f06f981648ec7bc1dc
deepocsort_c030_i050,video_5,deepocsort,0.3,0.5,150,False,17.216,984,30,,,,,,,5ece32cea97fd27cb6fef5c704995e1348530282681c72350f64a8c79538b560
ocsort_c015_i050,video_1,ocsort,0.15,0.5,600,True,11.686,7372,163,25.929,19.498,29.177,165,13317,1476,831640fe918075f9b48f904fa8291e179e781cb8401087437e7b2ed92b4ff994
ocsort_c030_i050,video_1,ocsort,0.3,0.5,600,True,8.314,4457,71,27.455,19.811,28.733,42,14605,253,a14a523fcbd6b89357da82088a40f8c9b5f11d081d35478767f2d6993907c49a
ocsort_c030_i050,video_2,ocsort,0.3,0.5,150,False,2.776,1590,25,,,,,,,4b420666c554fd0313667324d5e91dd33506f909247065aca4f83bfb23e0f2b4
ocsort_c030_i050,video_3,ocsort,0.3,0.5,150,False,0.87,790,24,,,,,,,40d860248ec3d1b67fe494b65da055fb12378db1c7ee3f989e9dd24dff069695
ocsort_c030_i050,video_4,ocsort,0.3,0.5,150,False,1.69,984,21,,,,,,,4b5ca46a6279690bf9573f1b6836e790a08bd3a2da8da0f6b8c527381a7682b7
ocsort_c030_i050,video_5,ocsort,0.3,0.5,150,False,2.036,986,27,,,,,,,4f49b44612b0a2c40a03f27a381439c07ed3491ee91c37840ab021e02aa7a7de
strongsort_c015_i050,video_1,strongsort,0.15,0.5,600,True,51.605,7314,203,29.19,19.907,32.573,110,13340,1432,21322c783b6e5721fd6c4d7fb89559ac1dd911b451b74e09d58a8c337336e64c
strongsort_c030_i050,video_1,strongsort,0.3,0.5,600,True,56.481,4388,85,28.658,19.698,29.854,41,14649,231,c59e942548ad501d89abe2675c30f9bb2bd105b0f9179e3782e6aa236779f7a1
strongsort_c030_i050,video_2,strongsort,0.3,0.5,150,False,19.896,1574,24,,,,,,,a0e45f07255643b0fc442aa040ed2d5a46179485004e99436d493a44702d6dc9
strongsort_c030_i050,video_3,strongsort,0.3,0.5,150,False,17.863,775,18,,,,,,,b7b23d974b438f651b0379262232c19c6e5df08050f0974efd6b7e92b2885afc
strongsort_c030_i050,video_4,strongsort,0.3,0.5,150,False,15.583,971,18,,,,,,,456dc6b000672fba06894441c1975c8ec61aa917f70bf33cb942969591106921
strongsort_c030_i050,video_5,strongsort,0.3,0.5,150,False,16.93,950,30,,,,,,,e46984c597e85779116a7b29640cb2acbec93ba27362f0aee0a59ea404e16c13
